Site,Product,Year,N,Start,End,RMSE,MAE,BIAS,CORRELATION,R2,STATUS,SOURCE_LAYER,N_CATEGORY,N_SUFFICIENT
BFT,ERA5-LAND,2016,366,2016-01-01,2016-12-31,3.9084476756260047,3.2550639693229995,-3.223032904831067,0.7864978741196847,0.6185789059947835,BENCHMARKED,GEE_MULTI_YEAR,STRONG,True
BFT,ERA5-LAND,2017,143,2017-01-01,2017-05-23,2.31615927466836,1.7462599315523857,-1.702736965803978,0.5556528972016169,0.3087501421685507,BENCHMARKED,GEE_MULTI_YEAR,STRONG,True
BFT,ERA5-LAND,2018,298,2018-01-01,2018-12-31,4.309720720214313,3.464122697164851,-3.453791840960858,0.8436672071120359,0.7117743563562229,BENCHMARKED,GEE_MULTI_YEAR,STRONG,True
BIT,ERA5-LAND,2016,210,2016-01-01,2016-12-31,1.0246728725634888,0.7993922600818556,-0.08390030787363235,0.3686452114637313,0.13589929193513917,BENCHMARKED,GEE_MULTI_YEAR,STRONG,True
BIT,ERA5-LAND,2017,301,2017-01-01,2017-12-31,1.2752812435494567,1.0333486151719244,-0.7688715884874999,0.6066697442141854,0.3680481785449051,BENCHMARKED,GEE_MULTI_YEAR,STRONG,True
BKC,ERA5-LAND,2014,204,2014-06-11,2014-12-31,1.0488656166437795,0.8726975730384635,0.7688674666253484,0.781186998369029,0.6102531264208134,BENCHMARKED,GEE_MULTI_YEAR,STRONG,True
BKC,ERA5-LAND,2015,297,2015-01-01,2015-12-31,1.4324384773330336,1.2067910225708989,1.0649069889493212,0.7115037030991724,0.5062375195238353,BENCHMARKED,GEE_MULTI_YEAR,STRONG,True
BKC,ERA5-LAND,2016,64,2016-01-01,2016-03-04,0.6834861311549822,0.6440569097867569,0.6435166477936259,0.6326034005398137,0.40018706237453594,BENCHMARKED,GEE_MULTI_YEAR,STRONG,True
DIT,ERA5-LAND,2016,366,2016-01-01,2016-12-31,0.9397425344554834,0.7657116417456553,-0.2556073419106781,0.7628091624243385,0.5818778182785208,BENCHMARKED,GEE_MULTI_YEAR,STRONG,True
DIT,ERA5-LAND,2017,365,2017-01-01,2017-12-31,0.9499860764064224,0.7434667237610536,-0.346537464300225,0.6806860606223786,0.46333351312561244,BENCHMARKED,GEE_MULTI_YEAR,STRONG,True
JIT,ERA5-LAND,2016,184,2016-06-21,2016-12-21,1.0699552209645005,0.6793696815251167,-0.1789489578619559,0.5170154394881175,0.26730496466909126,BENCHMARKED,GEE_MULTI_YEAR,STRONG,True
JIT,ERA5-LAND,2017,272,2017-04-04,2017-12-31,0.9634891027683914,0.495929372392157,-0.18309879165394283,0.704074623866503,0.49572107597275766,BENCHMARKED,GEE_MULTI_YEAR,STRONG,True
JIT,ERA5-LAND,2018,284,2018-01-01,2018-10-11,1.0532189046182707,0.8087985694499766,-0.5352951766465732,0.28636443919695803,0.08200459203658828,BENCHMARKED,GEE_MULTI_YEAR,STRONG,True
KKM,ERA5-LAND,2014,350,2014-01-16,2014-12-31,0.7004750279329757,0.5374732973223648,0.04604564118289326,0.7961566731654834,0.6338654482259304,BENCHMARKED,GEE_MULTI_YEAR,STRONG,True
KKM,ERA5-LAND,2015,365,2015-01-01,2015-12-31,0.883996329170441,0.657204946199107,0.1817336406462709,0.7167705219272237,0.5137599811038246,BENCHMARKED,GEE_MULTI_YEAR,STRONG,True
KKM,ERA5-LAND,2016,366,2016-01-01,2016-12-31,0.8944921597154282,0.644633605742889,0.16554200529093144,0.745098787053987,0.5551722024693228,BENCHMARKED,GEE_MULTI_YEAR,STRONG,True
KNP,ERA5-LAND,2016,366,2016-01-01,2016-12-31,0.8565687825617306,0.6902435583596472,-0.04699635922236158,0.7940044687936673,0.6304430964643137,BENCHMARKED,GEE_MULTI_YEAR,STRONG,True
KNP,ERA5-LAND,2017,296,2017-01-01,2017-12-31,0.8814448890683123,0.7015952206201905,0.24645588559381676,0.8188715610448873,0.6705506334880906,BENCHMARKED,GEE_MULTI_YEAR,STRONG,True
KNP,ERA5-LAND,2018,365,2018-01-01,2018-12-31,1.0418338389079085,0.874106634852238,0.8307333339337278,0.8206127193227761,0.6734052351143214,BENCHMARKED,GEE_MULTI_YEAR,STRONG,True
NIT,ERA5-LAND,2016,160,2016-06-22,2016-11-28,0.9695725762656984,0.7937121053809362,-0.3682149077153972,0.6483885465926831,0.42040770735257194,BENCHMARKED,GEE_MULTI_YEAR,STRONG,True
NIT,ERA5-LAND,2017,226,2017-05-20,2017-12-31,1.7295321831207495,1.2313076150017557,-0.3938360708638101,0.4349371345494077,0.18917031101004958,BENCHMARKED,GEE_MULTI_YEAR,STRONG,True
NIT,ERA5-LAND,2018,313,2018-01-01,2018-11-09,1.11392963125128,0.8843748974664158,-0.8324020654418762,0.7792730513167734,0.6072664885085545,BENCHMARKED,GEE_MULTI_YEAR,STRONG,True
SFT,ERA5-LAND,2014,365,2014-01-01,2014-12-31,1.6310720422862037,1.1922404325202678,-0.21054698620181578,0.45843814420887974,0.21016553206568162,BENCHMARKED,GEE_MULTI_YEAR,STRONG,True
SFT,ERA5-LAND,2015,365,2015-01-01,2015-12-31,1.7326084823811494,1.3032469188254072,-0.09178789798360361,0.31758748007835996,0.10086180750252269,BENCHMARKED,GEE_MULTI_YEAR,STRONG,True
SFT,ERA5-LAND,2016,91,2016-01-01,2016-03-31,1.2077166843090281,0.9718462297430855,-0.3399339743743889,0.04733168298535078,0.0022402882142257444,BENCHMARKED,GEE_MULTI_YEAR,STRONG,True
SIT,ERA5-LAND,2016,10,2016-06-17,2016-12-31,0.5098685859311499,0.4736755872746494,0.4190149743230777,0.9775189799344296,0.9555433561320478,BENCHMARKED,GEE_MULTI_YEAR,ADEQUATE,True
SIT,ERA5-LAND,2017,222,2017-01-01,2017-12-31,0.6705749039593949,0.5307605350793516,0.10734699929774154,0.884775268329187,0.7828272754469848,BENCHMARKED,GEE_MULTI_YEAR,STRONG,True
SIT,ERA5-LAND,2018,313,2018-01-01,2018-11-09,1.250326031871508,0.9594286898081079,0.08384426528666984,0.4038445510591527,0.16309042142016858,BENCHMARKED,GEE_MULTI_YEAR,STRONG,True
UIT,ERA5-LAND,2016,366,2016-01-01,2016-12-31,1.964538216293517,1.3809348576948484,-1.2339584559065524,0.48050476868468817,0.23088483272872568,BENCHMARKED,GEE_MULTI_YEAR,STRONG,True
UIT,ERA5-LAND,2017,365,2017-01-01,2017-12-31,2.0651190824802885,1.3983359026455515,-1.3260976338673174,0.36676852981609603,0.13451915446346052,BENCHMARKED,GEE_MULTI_YEAR,STRONG,True
BFT,FLDAS,2016,12,2016-01-01,2016-12-01,2.480923524235043,2.099153564770229,-2.054316493106876,0.8382796455692486,0.702712764175705,BENCHMARKED,GEE_MULTI_YEAR,ADEQUATE,True
BFT,FLDAS,2017,5,2017-01-01,2017-05-01,2.6243749102948453,2.1610705669063215,-2.1610705669063215,0.9353462035348882,0.8748725204671285,BENCHMARKED,GEE_MULTI_YEAR,LIMITED,False
BFT,FLDAS,2018,10,2018-01-01,2018-10-01,3.9361874155044307,3.29403591107531,-2.888118182210571,0.8153150163059695,0.6647385758140033,BENCHMARKED,GEE_MULTI_YEAR,ADEQUATE,True
BIT,FLDAS,2016,7,2016-01-01,2016-12-01,0.4961997604396646,0.4405866466140348,-0.09373057255005256,0.7684336750389856,0.5904903129339214,BENCHMARKED,GEE_MULTI_YEAR,LIMITED,False
BIT,FLDAS,2017,10,2017-01-01,2017-12-01,1.328502432038063,1.1315640890012086,-0.20247827251656964,0.47038505974494854,0.22126210443125882,BENCHMARKED,GEE_MULTI_YEAR,ADEQUATE,True
BKC,FLDAS,2014,6,2014-07-01,2014-12-01,2.013465065055145,1.5415306539476814,1.5103908220229465,0.44301712445983754,0.1962641725646632,BENCHMARKED,GEE_MULTI_YEAR,LIMITED,False
BKC,FLDAS,2015,10,2015-01-01,2015-12-01,0.9873244878862368,0.8166954667305841,0.6982341355247546,0.8994680225161721,0.8090427235291531,BENCHMARKED,GEE_MULTI_YEAR,ADEQUATE,True
BKC,FLDAS,2016,3,2016-01-01,2016-03-01,0.2274504198845545,0.20375476051527072,0.1525156568873537,0.20396199311144445,0.04160049463399291,BENCHMARKED,GEE_MULTI_YEAR,INSUFFICIENT,False
DIT,FLDAS,2016,12,2016-01-01,2016-12-01,1.3797443211616855,1.1090675403500312,-0.9195704332336083,0.8431595165011913,0.7109179702665226,BENCHMARKED,GEE_MULTI_YEAR,ADEQUATE,True
DIT,FLDAS,2017,12,2017-01-01,2017-12-01,0.9807112731672528,0.8333992000660729,-0.8333992000660729,0.9059760428984925,0.8207925903060111,BENCHMARKED,GEE_MULTI_YEAR,ADEQUATE,True
JIT,FLDAS,2016,6,2016-07-01,2016-12-01,1.8709926974314266,1.3598814062562898,0.23090518678145633,-0.13578473696473353,0.018437494792581874,BENCHMARKED,GEE_MULTI_YEAR,LIMITED,False
JIT,FLDAS,2017,8,2017-05-01,2017-12-01,1.082195721010248,0.7931692157522389,-0.06343202983534099,0.6395005240946074,0.4089609203172776,BENCHMARKED,GEE_MULTI_YEAR,LIMITED,False
JIT,FLDAS,2018,10,2018-01-01,2018-10-01,0.9293167223725902,0.6739639384224352,-0.29413850979382056,0.3945894107150666,0.1557008030484635,BENCHMARKED,GEE_MULTI_YEAR,ADEQUATE,True
KKM,FLDAS,2014,11,2014-02-01,2014-12-01,1.813048426170408,1.6052250854142918,1.5137527522433807,0.6421094590419072,0.4123045573910907,BENCHMARKED,GEE_MULTI_YEAR,ADEQUATE,True
KKM,FLDAS,2015,12,2015-01-01,2015-12-01,1.575858958529506,1.4356023570263208,1.120505677819893,0.6755641144989818,0.45638687279879336,BENCHMARKED,GEE_MULTI_YEAR,ADEQUATE,True
KKM,FLDAS,2016,12,2016-01-01,2016-12-01,1.5309463912149148,1.3661890015413303,1.323035339063777,0.7945078218008467,0.6312426789027259,BENCHMARKED,GEE_MULTI_YEAR,ADEQUATE,True
KNP,FLDAS,2016,12,2016-01-01,2016-12-01,1.837601758824413,1.223547613789066,0.9368609279595844,0.4361927181646242,0.19026408737984327,BENCHMARKED,GEE_MULTI_YEAR,ADEQUATE,True
KNP,FLDAS,2017,10,2017-01-01,2017-12-01,2.0570671033059393,1.6315334625409794,1.6315334625409794,0.47098271130948255,0.22182471435243137,BENCHMARKED,GEE_MULTI_YEAR,ADEQUATE,True
KNP,FLDAS,2018,12,2018-01-01,2018-12-01,1.6033547230571203,1.3359888671580036,1.3359888671580036,0.7432246870353374,0.5523829354187753,BENCHMARKED,GEE_MULTI_YEAR,ADEQUATE,True
NIT,FLDAS,2016,5,2016-07-01,2016-11-01,1.2438471482022904,1.2223228511686814,0.7063358230856478,0.7415243311687005,0.5498583337151887,BENCHMARKED,GEE_MULTI_YEAR,LIMITED,False
NIT,FLDAS,2017,7,2017-06-01,2017-12-01,1.6035104902544517,1.3896350045605865,-0.4581470014905995,0.6733191603254962,0.4533586916614313,BENCHMARKED,GEE_MULTI_YEAR,LIMITED,False
NIT,FLDAS,2018,11,2018-01-01,2018-11-01,1.2657141810053643,1.010624051448176,-0.5250782181836832,0.7635083176245524,0.5829449510818744,BENCHMARKED,GEE_MULTI_YEAR,ADEQUATE,True
SFT,FLDAS,2014,12,2014-01-01,2014-12-01,1.7986731615819938,1.2941057222701269,-0.18961038888594048,0.4833118462747893,0.23359034074954554,BENCHMARKED,GEE_MULTI_YEAR,ADEQUATE,True
SFT,FLDAS,2015,12,2015-01-01,2015-12-01,1.6681532265731203,1.042168272811771,-0.20026171853462146,0.5259173335835641,0.2765890417636458,BENCHMARKED,GEE_MULTI_YEAR,ADEQUATE,True
SFT,FLDAS,2016,3,2016-01-01,2016-03-01,0.9615862784300587,0.9025476075356132,-0.9025476075356132,0.88804130617228,0.7886173614681693,BENCHMARKED,GEE_MULTI_YEAR,INSUFFICIENT,False
SIT,FLDAS,2017,7,2017-01-01,2017-12-01,1.2710643080293957,1.0754090314949403,0.9529092987669844,0.8409782049440742,0.7072443411909572,BENCHMARKED,GEE_MULTI_YEAR,LIMITED,False
SIT,FLDAS,2018,11,2018-01-01,2018-11-01,1.2901095548630845,1.0201195255864624,0.16417385961354272,0.6024194602572416,0.36290920609662625,BENCHMARKED,GEE_MULTI_YEAR,ADEQUATE,True
UIT,FLDAS,2016,12,2016-01-01,2016-12-01,2.2662771071196524,1.5657807660157204,-1.1828543169095111,0.32624205585279004,0.10643387900705498,BENCHMARKED,GEE_MULTI_YEAR,ADEQUATE,True
UIT,FLDAS,2017,12,2017-01-01,2017-12-01,2.283955195707985,1.7830193136599533,-0.9739164332929788,0.06140001952148195,0.003769962397238364,BENCHMARKED,GEE_MULTI_YEAR,ADEQUATE,True
BFT,GLDAS,2016,366,2016-01-01,2016-12-31,3.34373822676097,2.8778837060317763,-2.872077173199142,0.8255939671219078,0.6816053985480898,BENCHMARKED,GEE_MULTI_YEAR,STRONG,True
BFT,GLDAS,2017,143,2017-01-01,2017-05-23,2.2281278644270577,1.8591822743525326,-1.8591822743525326,0.8334496900252356,0.6946383858031613,BENCHMARKED,GEE_MULTI_YEAR,STRONG,True
BFT,GLDAS,2018,298,2018-01-01,2018-12-31,4.0823854574131895,3.4594296837644483,-3.4594296837644483,0.8321526696484933,0.6924780656031144,BENCHMARKED,GEE_MULTI_YEAR,STRONG,True
BIT,GLDAS,2016,210,2016-01-01,2016-12-31,1.122144213775877,0.9033468670139853,0.19770448149704972,0.29734265405814014,0.08841265392233881,BENCHMARKED,GEE_MULTI_YEAR,STRONG,True
BIT,GLDAS,2017,301,2017-01-01,2017-12-31,1.3129636326996534,1.0629100826342457,0.00847384033002428,0.5382435687874716,0.28970613934107364,BENCHMARKED,GEE_MULTI_YEAR,STRONG,True
BKC,GLDAS,2014,204,2014-06-11,2014-12-31,0.8300912364431902,0.5947359698956415,0.344523666261681,0.7232752168802646,0.5231270393531938,BENCHMARKED,GEE_MULTI_YEAR,STRONG,True
BKC,GLDAS,2015,297,2015-01-01,2015-12-31,0.7807231106223411,0.6220054707396938,0.2879904572916378,0.806336845238363,0.6501791079889558,BENCHMARKED,GEE_MULTI_YEAR,STRONG,True
BKC,GLDAS,2016,64,2016-01-01,2016-03-04,0.21182060955786383,0.17107034993049225,-0.05724379245950832,0.6043948580271721,0.36529314440968547,BENCHMARKED,GEE_MULTI_YEAR,STRONG,True
DIT,GLDAS,2016,366,2016-01-01,2016-12-31,1.1269167768103874,0.8235714763093356,0.12653078887189229,0.6932611599654075,0.48061103591658233,BENCHMARKED,GEE_MULTI_YEAR,STRONG,True
DIT,GLDAS,2017,365,2017-01-01,2017-12-31,1.0557973901340063,0.8330557301163836,-0.05465439194207712,0.6394749628309346,0.40892822808762525,BENCHMARKED,GEE_MULTI_YEAR,STRONG,True
JIT,GLDAS,2016,184,2016-06-21,2016-12-21,1.0245615338015197,0.6244804080864531,-0.413880728279061,0.43918794637888126,0.1928860522444991,BENCHMARKED,GEE_MULTI_YEAR,STRONG,True
JIT,GLDAS,2017,272,2017-04-04,2017-12-31,1.1868362983766256,0.6533039841977515,-0.5201894569676836,0.5822789952632927,0.3390488283248297,BENCHMARKED,GEE_MULTI_YEAR,STRONG,True
JIT,GLDAS,2018,284,2018-01-01,2018-10-11,1.005420381836799,0.7661832110164974,-0.7407242009814796,-0.027849307938412202,0.000775583952648509,BENCHMARKED,GEE_MULTI_YEAR,STRONG,True
KKM,GLDAS,2014,350,2014-01-16,2014-12-31,1.2435081739610774,1.0263308954006591,-0.9780380830625357,0.7552049317766077,0.5703344889797107,BENCHMARKED,GEE_MULTI_YEAR,STRONG,True
KKM,GLDAS,2015,365,2015-01-01,2015-12-31,1.5140320459313787,1.2158122730526664,-1.18295120009873,0.6452100456485833,0.41629600300584696,BENCHMARKED,GEE_MULTI_YEAR,STRONG,True
KKM,GLDAS,2016,366,2016-01-01,2016-12-31,1.5731600643517119,1.2266821788687405,-1.1380582364286786,0.6143445609663915,0.37741923958898826,BENCHMARKED,GEE_MULTI_YEAR,STRONG,True
KNP,GLDAS,2016,366,2016-01-01,2016-12-31,1.2982164165047039,1.0784651017011953,0.5584051560764582,0.7013458393000299,0.49188598630346336,BENCHMARKED,GEE_MULTI_YEAR,STRONG,True
KNP,GLDAS,2017,296,2017-01-01,2017-12-31,1.361292654104666,1.1382492225893068,0.7451680003591996,0.6899712209180867,0.4760602856951952,BENCHMARKED,GEE_MULTI_YEAR,STRONG,True
KNP,GLDAS,2018,365,2018-01-01,2018-12-31,1.7536117977463288,1.4581756929733125,1.4330549374926294,0.7586181279469822,0.575501464049784,BENCHMARKED,GEE_MULTI_YEAR,STRONG,True
NIT,GLDAS,2016,160,2016-06-22,2016-11-28,1.2594195651194915,1.018460106223168,-0.8355692679593139,0.5951370377963577,0.3541880937570233,BENCHMARKED,GEE_MULTI_YEAR,STRONG,True
NIT,GLDAS,2017,226,2017-05-20,2017-12-31,1.9384676547114843,1.4724714716565592,-0.2011998923009697,0.2962853705239711,0.08778502078652684,BENCHMARKED,GEE_MULTI_YEAR,STRONG,True
NIT,GLDAS,2018,313,2018-01-01,2018-11-09,1.1238843115910782,0.8625959836349129,-0.7987074754747673,0.7273870843386001,0.5290919704626097,BENCHMARKED,GEE_MULTI_YEAR,STRONG,True
SFT,GLDAS,2014,365,2014-01-01,2014-12-31,1.5625238957192051,1.251306809227981,0.027728461322056214,0.5837751946433813,0.3407934778809178,BENCHMARKED,GEE_MULTI_YEAR,STRONG,True
SFT,GLDAS,2015,365,2015-01-01,2015-12-31,1.5255022073142996,1.1938749725286186,0.2254006974077088,0.5836147744724067,0.3406062049824782,BENCHMARKED,GEE_MULTI_YEAR,STRONG,True
SFT,GLDAS,2016,91,2016-01-01,2016-03-31,1.0290785688403978,0.7918359039469874,-0.4712864455608204,-0.07583322356109515,0.005750677795667037,BENCHMARKED,GEE_MULTI_YEAR,STRONG,True
SIT,GLDAS,2016,10,2016-06-17,2016-12-31,0.7409452969828532,0.6962506645002993,0.2698776859328846,0.9158478624352268,0.838777307127174,BENCHMARKED,GEE_MULTI_YEAR,ADEQUATE,True
SIT,GLDAS,2017,222,2017-01-01,2017-12-31,0.9673629819277536,0.7994431334157112,0.22055756021476935,0.7603898805017986,0.5781927703695395,BENCHMARKED,GEE_MULTI_YEAR,STRONG,True
SIT,GLDAS,2018,313,2018-01-01,2018-11-09,1.0398295452326236,0.7289050334078097,-0.047464219266933616,0.6049485638958085,0.3659627649596011,BENCHMARKED,GEE_MULTI_YEAR,STRONG,True
UIT,GLDAS,2016,366,2016-01-01,2016-12-31,2.5251837162616537,1.9506152126812555,-1.8729561669901595,0.35660506596437674,0.1271671730714575,BENCHMARKED,GEE_MULTI_YEAR,STRONG,True
UIT,GLDAS,2017,365,2017-01-01,2017-12-31,3.0281720482163963,2.4305365780279953,-2.4202955078231905,-0.018313532260779825,0.0003353854638666234,BENCHMARKED,GEE_MULTI_YEAR,STRONG,True
BFT,MERRA2,2016,366,2016-01-01,2016-12-31,3.5839272604641494,3.109924260518547,-3.086293022558564,0.7695150700300495,0.5921534430033519,BENCHMARKED,GEE_MULTI_YEAR,STRONG,True
BFT,MERRA2,2017,143,2017-01-01,2017-05-23,3.184411317279203,2.733838916979187,-2.733838916979187,0.1639338711663055,0.02687431411557085,BENCHMARKED,GEE_MULTI_YEAR,STRONG,True
BFT,MERRA2,2018,298,2018-01-01,2018-12-31,3.814719550849069,3.3340898172162547,-3.3048776452507997,0.8418770962698521,0.7087570452237578,BENCHMARKED,GEE_MULTI_YEAR,STRONG,True
BIT,MERRA2,2016,210,2016-01-01,2016-12-31,1.2937160885190933,1.0259785303635875,-0.9803211230177244,0.612846079776652,0.37558031749761045,BENCHMARKED,GEE_MULTI_YEAR,STRONG,True
BIT,MERRA2,2017,301,2017-01-01,2017-12-31,1.3642962963607326,1.1267225556709617,-0.5252867408826339,0.5302585541392562,0.2811741342378545,BENCHMARKED,GEE_MULTI_YEAR,STRONG,True
BKC,MERRA2,2014,204,2014-06-11,2014-12-31,1.801462417315264,1.363942802613414,1.1457937516346433,0.5910941941535965,0.34939234636208966,BENCHMARKED,GEE_MULTI_YEAR,STRONG,True
BKC,MERRA2,2015,297,2015-01-01,2015-12-31,1.4635236155450961,1.132471378490986,0.8959401971364263,0.8329136936328169,0.693745221041062,BENCHMARKED,GEE_MULTI_YEAR,STRONG,True
BKC,MERRA2,2016,64,2016-01-01,2016-03-04,0.28482212892925973,0.2454565465851033,-0.2317611506830358,0.8053350717566902,0.6485645778013533,BENCHMARKED,GEE_MULTI_YEAR,STRONG,True
DIT,MERRA2,2016,366,2016-01-01,2016-12-31,0.9619044926929584,0.7987898350147924,-0.40897484412807267,0.8608978852759985,0.7411451688726863,BENCHMARKED,GEE_MULTI_YEAR,STRONG,True
DIT,MERRA2,2017,365,2017-01-01,2017-12-31,1.2973035391021845,1.099145760045833,-0.5855546733811635,0.6945319363417566,0.4823746105986298,BENCHMARKED,GEE_MULTI_YEAR,STRONG,True
JIT,MERRA2,2016,184,2016-06-21,2016-12-21,0.9241949941538193,0.5892979742168811,0.2989724547771158,0.6451781895652398,0.41625489629068047,BENCHMARKED,GEE_MULTI_YEAR,STRONG,True
JIT,MERRA2,2017,272,2017-04-04,2017-12-31,1.091083683292146,0.7544125856212517,0.2946890867853884,0.630513348626969,0.3975470827967937,BENCHMARKED,GEE_MULTI_YEAR,STRONG,True
JIT,MERRA2,2018,284,2018-01-01,2018-10-11,0.7870742226078185,0.5563484410404179,-0.2704321802861196,0.5656310152340385,0.3199384453946891,BENCHMARKED,GEE_MULTI_YEAR,STRONG,True
KKM,MERRA2,2014,350,2014-01-16,2014-12-31,1.0072226099904724,0.7567257379270876,0.07157445987903592,0.7278715104762835,0.5297969357630264,BENCHMARKED,GEE_MULTI_YEAR,STRONG,True
KKM,MERRA2,2015,365,2015-01-01,2015-12-31,1.2221065807283311,0.873824384438246,0.29141824267790656,0.7492950326572214,0.5614430459647866,BENCHMARKED,GEE_MULTI_YEAR,STRONG,True
KKM,MERRA2,2016,366,2016-01-01,2016-12-31,1.0692936512622344,0.7628559860628031,0.0935365515122143,0.77268245379247,0.5970381743987526,BENCHMARKED,GEE_MULTI_YEAR,STRONG,True
KNP,MERRA2,2016,366,2016-01-01,2016-12-31,1.4793719137095462,1.0882007541557572,0.5234824847955453,0.5323061453772191,0.2833498324063531,BENCHMARKED,GEE_MULTI_YEAR,STRONG,True
KNP,MERRA2,2017,296,2017-01-01,2017-12-31,1.6526345898752313,1.2423011280186664,0.6920055365908616,0.4824638943916328,0.2327714093915406,BENCHMARKED,GEE_MULTI_YEAR,STRONG,True
KNP,MERRA2,2018,365,2018-01-01,2018-12-31,1.674696417382574,1.3099518593404225,1.0489371579947488,0.4800666144997948,0.2304639543572946,BENCHMARKED,GEE_MULTI_YEAR,STRONG,True
NIT,MERRA2,2016,160,2016-06-22,2016-11-28,1.1984587615754496,0.9849975102779063,-0.3883462463053188,0.6573444513096544,0.43210172766759053,BENCHMARKED,GEE_MULTI_YEAR,STRONG,True
NIT,MERRA2,2017,226,2017-05-20,2017-12-31,1.849633861901517,1.4269235138742147,0.03646336281608321,0.5292649692425654,0.2801214076673337,BENCHMARKED,GEE_MULTI_YEAR,STRONG,True
NIT,MERRA2,2018,313,2018-01-01,2018-11-09,1.6116242103539387,1.4228773963510193,-1.1444876076548298,0.7381206433558978,0.5448220841481244,BENCHMARKED,GEE_MULTI_YEAR,STRONG,True
PVM,MERRA2,2017,92,2017-10-01,2017-12-31,2.6769233562342825,2.4453542550786747,2.42948883436552,0.14974285700500123,0.022422923224020244,BENCHMARKED,GEE_MULTI_YEAR,STRONG,True
SFT,MERRA2,2014,365,2014-01-01,2014-12-31,1.6222098675159524,1.2232183811670738,-0.5985868076721991,0.6184108619913458,0.3824319942288793,BENCHMARKED,GEE_MULTI_YEAR,STRONG,True
SFT,MERRA2,2015,365,2015-01-01,2015-12-31,1.6494772285203418,1.2096595565863972,-0.49667001778365866,0.5389186872901541,0.29043335151054295,BENCHMARKED,GEE_MULTI_YEAR,STRONG,True
SFT,MERRA2,2016,91,2016-01-01,2016-03-31,1.503342869535505,1.2781339995669636,-0.8919234950950766,0.12296988677491001,0.015121593053434189,BENCHMARKED,GEE_MULTI_YEAR,STRONG,True
SIT,MERRA2,2016,10,2016-06-17,2016-12-31,0.8180984486399366,0.6120104379939826,-0.1952516325418528,0.8964100062005006,0.8035508992163816,BENCHMARKED,GEE_MULTI_YEAR,ADEQUATE,True
SIT,MERRA2,2017,222,2017-01-01,2017-12-31,0.9992915223002312,0.6852635755239292,0.07544958958457135,0.805201700347303,0.6483497782421879,BENCHMARKED,GEE_MULTI_YEAR,STRONG,True
SIT,MERRA2,2018,313,2018-01-01,2018-11-09,1.4806750215850666,1.232010817768992,-0.7013393928745658,0.5785446484482103,0.33471391024806324,BENCHMARKED,GEE_MULTI_YEAR,STRONG,True
UIT,MERRA2,2016,366,2016-01-01,2016-12-31,2.2007366630346707,1.700763330399901,-1.198413700707175,0.48671636015286174,0.23689281524045022,BENCHMARKED,GEE_MULTI_YEAR,STRONG,True
UIT,MERRA2,2017,365,2017-01-01,2017-12-31,2.5662521906069213,1.9529125737658526,-1.3643413420301738,0.2794890106473525,0.07811410707263591,BENCHMARKED,GEE_MULTI_YEAR,STRONG,True
BFT,MOD16A2GF,2016,46,2016-01-01,2016-12-26,13.17177895120969,8.924795656628286,7.6163704169232735,0.7880338078657112,0.6209972823393326,BENCHMARKED,GEE_MULTI_YEAR,STRONG,True
BFT,MOD16A2GF,2017,18,2017-01-01,2017-05-17,1.369493647534991,1.239674940382461,-0.5668734684702292,0.910340754763202,0.8287202897828363,BENCHMARKED,GEE_MULTI_YEAR,ADEQUATE,True
BFT,MOD16A2GF,2018,38,2018-01-01,2018-12-27,13.599783194392694,9.005006903201664,7.6581129695586885,0.8564409211883796,0.7334910514860001,BENCHMARKED,GEE_MULTI_YEAR,STRONG,True
BIT,MOD16A2GF,2016,26,2016-01-01,2016-12-26,8.508206741517666,7.734856865541222,7.734856865541222,0.18561567577192456,0.03445317909226822,BENCHMARKED,GEE_MULTI_YEAR,ADEQUATE,True
BIT,MOD16A2GF,2017,38,2017-01-01,2017-12-27,13.542823518792895,11.498899285850781,11.498899285850781,0.6591622736786785,0.4344949030412451,BENCHMARKED,GEE_MULTI_YEAR,STRONG,True
BKC,MOD16A2GF,2014,25,2014-06-18,2014-12-27,7.4742247928460115,5.462753464285162,4.939328074556131,0.1560766670522114,0.024359925998126853,BENCHMARKED,GEE_MULTI_YEAR,ADEQUATE,True
BKC,MOD16A2GF,2015,38,2015-01-01,2015-12-27,5.70570852815237,3.6573442208030564,3.5164304839660443,0.8140508385578669,0.6626787677567663,BENCHMARKED,GEE_MULTI_YEAR,STRONG,True
BKC,MOD16A2GF,2016,8,2016-01-01,2016-02-26,1.1862303230651527,0.7645172643370164,0.762877876111245,-0.175648658468546,0.030852451221799915,BENCHMARKED,GEE_MULTI_YEAR,LIMITED,False
DIT,MOD16A2GF,2016,46,2016-01-01,2016-12-26,14.997036195124457,11.623532294711739,11.590582043301065,0.7110272041885191,0.505559685096142,BENCHMARKED,GEE_MULTI_YEAR,STRONG,True
DIT,MOD16A2GF,2017,46,2017-01-01,2017-12-27,15.250409374020741,11.926904275172065,11.926904275172065,0.6241132140865524,0.3895173039974468,BENCHMARKED,GEE_MULTI_YEAR,STRONG,True
JIT,MOD16A2GF,2016,23,2016-06-25,2016-12-18,0.848490365042777,0.602659548841254,0.2712906030333671,0.6753141333230083,0.4560491786658058,BENCHMARKED,GEE_MULTI_YEAR,ADEQUATE,True
JIT,MOD16A2GF,2017,34,2017-04-07,2017-12-27,1.6434242850419691,1.0033336553296852,-0.09766119712448686,0.36898945401366734,0.13615321717330434,BENCHMARKED,GEE_MULTI_YEAR,STRONG,True
JIT,MOD16A2GF,2018,36,2018-01-01,2018-10-08,0.8532458426529927,0.6092872722713177,0.01038752904780368,0.5948262022014857,0.3538182108254428,BENCHMARKED,GEE_MULTI_YEAR,STRONG,True
KKM,MOD16A2GF,2014,44,2014-01-17,2014-12-27,10.896566787343437,9.136829846991127,8.5890463059891,0.29134189995452253,0.08488010266911102,BENCHMARKED,GEE_MULTI_YEAR,STRONG,True
KKM,MOD16A2GF,2015,46,2015-01-01,2015-12-27,9.647693728885274,8.256125718194852,7.30611919874315,0.07831549478298286,0.0061333167231034155,BENCHMARKED,GEE_MULTI_YEAR,STRONG,True
KKM,MOD16A2GF,2016,46,2016-01-01,2016-12-26,12.613021705469398,10.297201110547345,9.918193146350413,0.7465416296677173,0.5573244048269311,BENCHMARKED,GEE_MULTI_YEAR,STRONG,True
KNP,MOD16A2GF,2016,46,2016-01-01,2016-12-26,18.8993301111333,16.967415334502135,16.967415334502135,0.48964707069709285,0.23975425384224383,BENCHMARKED,GEE_MULTI_YEAR,STRONG,True
KNP,MOD16A2GF,2017,38,2017-01-01,2017-12-27,19.156115842522254,17.187635007338,17.187635007338,0.4166147060291698,0.17356781327977155,BENCHMARKED,GEE_MULTI_YEAR,STRONG,True
KNP,MOD16A2GF,2018,46,2018-01-01,2018-12-27,17.882152078508735,16.288924570946453,16.288924570946453,0.4876166553685395,0.237770002592801,BENCHMARKED,GEE_MULTI_YEAR,STRONG,True
NIT,MOD16A2GF,2016,20,2016-06-25,2016-11-24,16.57476350467631,14.169781085486239,14.169781085486239,0.6568600202530163,0.4314650862067929,BENCHMARKED,GEE_MULTI_YEAR,ADEQUATE,True
NIT,MOD16A2GF,2017,28,2017-05-25,2017-12-27,14.684352744521142,10.99741999640854,10.830595866221563,0.5961307897819444,0.3553719185260448,BENCHMARKED,GEE_MULTI_YEAR,ADEQUATE,True
NIT,MOD16A2GF,2018,40,2018-01-01,2018-11-09,10.802586944559717,7.35525112795403,6.541710935253127,0.6566197635978746,0.43114951394732864,BENCHMARKED,GEE_MULTI_YEAR,STRONG,True
PVM,MOD16A2GF,2017,11,2017-10-08,2017-12-27,20.440765065103832,20.20821387079591,20.20821387079591,0.055097580221732945,0.0030357433462902973,BENCHMARKED,GEE_MULTI_YEAR,ADEQUATE,True
SIT,MOD16A2GF,2016,2,2016-06-17,2016-12-26,5.090108857315131,4.762583365671836,4.762583365671836,1.0,1.0,BENCHMARKED,GEE_MULTI_YEAR,INSUFFICIENT,False
SIT,MOD16A2GF,2017,28,2017-01-01,2017-12-27,14.575903500097999,12.202589779135568,12.202589779135568,0.7149676667645855,0.5111787645187953,BENCHMARKED,GEE_MULTI_YEAR,ADEQUATE,True
SIT,MOD16A2GF,2018,40,2018-01-01,2018-11-09,7.480119266750861,5.796236649310854,5.67941176530026,0.6032371637343663,0.3638950757102827,BENCHMARKED,GEE_MULTI_YEAR,STRONG,True
UIT,MOD16A2GF,2016,46,2016-01-01,2016-12-26,5.256510525986832,3.9603721225374757,1.6516481869194164,0.15985215137484718,0.02555271029916706,BENCHMARKED,GEE_MULTI_YEAR,STRONG,True
UIT,MOD16A2GF,2017,46,2017-01-01,2017-12-27,9.239772551494005,6.494968668724745,4.16433716733991,0.08256549037352043,0.006817060200619895,BENCHMARKED,GEE_MULTI_YEAR,STRONG,True
BFT,PMLV2,2016,46,2016-01-01,2016-12-26,4.203428855651595,3.5289026346638948,-3.479781257863433,0.6340606813594847,0.40203294764605396,BENCHMARKED,GEE_MULTI_YEAR,STRONG,True
BFT,PMLV2,2017,18,2017-01-01,2017-05-17,2.3335705346080093,1.9168496449723713,-1.9168496449723713,0.7678888314937125,0.5896532575327791,BENCHMARKED,GEE_MULTI_YEAR,ADEQUATE,True
BFT,PMLV2,2018,38,2018-01-01,2018-12-27,4.289149738487821,3.528270263844449,-3.5182470637911254,0.7030260004944605,0.4942455573712372,BENCHMARKED,GEE_MULTI_YEAR,STRONG,True
BIT,PMLV2,2016,26,2016-01-01,2016-12-26,0.6923890285229335,0.6106183976632499,0.5308118265348024,0.7855500745967098,0.6170889196988963,BENCHMARKED,GEE_MULTI_YEAR,ADEQUATE,True
BIT,PMLV2,2017,38,2017-01-01,2017-12-27,1.2163431319203701,1.008510023069048,-0.3849121622109903,0.23756357901178946,0.05643645407289073,BENCHMARKED,GEE_MULTI_YEAR,STRONG,True
BKC,PMLV2,2014,25,2014-06-18,2014-12-27,0.6996521043842104,0.5545572294388788,0.23789089789046763,0.7903127456133741,0.6245942358789497,BENCHMARKED,GEE_MULTI_YEAR,ADEQUATE,True
BKC,PMLV2,2015,38,2015-01-01,2015-12-27,0.93573905945531,0.7261603503118547,0.46398155559862286,0.7726652973768453,0.5970116617704488,BENCHMARKED,GEE_MULTI_YEAR,STRONG,True
BKC,PMLV2,2016,8,2016-01-01,2016-02-26,0.37924458648165194,0.31675942807320456,0.23014492370696393,0.5729713204231941,0.3282961340274986,BENCHMARKED,GEE_MULTI_YEAR,LIMITED,False
DIT,PMLV2,2016,46,2016-01-01,2016-12-26,1.200888749707174,0.9211985946041049,-0.46385578178692966,0.5889502918801283,0.3468624463056883,BENCHMARKED,GEE_MULTI_YEAR,STRONG,True
DIT,PMLV2,2017,46,2017-01-01,2017-12-27,1.0795227626008113,0.8492728375938429,-0.5712693149081827,0.56666114040796,0.32110484804844974,BENCHMARKED,GEE_MULTI_YEAR,STRONG,True
JIT,PMLV2,2016,23,2016-06-25,2016-12-18,0.6624732480728956,0.5076926072743628,-0.19562557841079456,0.7656334919041933,0.5861946439254084,BENCHMARKED,GEE_MULTI_YEAR,ADEQUATE,True
JIT,PMLV2,2017,34,2017-04-07,2017-12-27,1.4150264163621995,0.8640546472745099,-0.38870963494388094,0.5322436838542381,0.28328333900273023,BENCHMARKED,GEE_MULTI_YEAR,STRONG,True
JIT,PMLV2,2018,36,2018-01-01,2018-10-08,0.9158520088615477,0.7178642994559387,-0.5075267541206896,0.3703171986809928,0.1371348276389379,BENCHMARKED,GEE_MULTI_YEAR,STRONG,True
KKM,PMLV2,2014,44,2014-01-17,2014-12-27,0.952992140557259,0.7310778946150769,0.15806483084783055,0.6343272967210362,0.4023711193654175,BENCHMARKED,GEE_MULTI_YEAR,STRONG,True
KKM,PMLV2,2015,46,2015-01-01,2015-12-27,1.1171537736528863,0.775466730672072,-0.05537635941573805,0.6497348358691327,0.4221553569418888,BENCHMARKED,GEE_MULTI_YEAR,STRONG,True
KKM,PMLV2,2016,46,2016-01-01,2016-12-26,1.355496344695467,1.0244289895951133,-0.03747211162510668,0.5444349592275046,0.29640942482905464,BENCHMARKED,GEE_MULTI_YEAR,STRONG,True
KNP,PMLV2,2016,46,2016-01-01,2016-12-26,1.4342935236447971,1.102945739455021,-0.7685686122776059,0.650223080385999,0.4227900542666573,BENCHMARKED,GEE_MULTI_YEAR,STRONG,True
KNP,PMLV2,2017,38,2017-01-01,2017-12-27,1.2988217406860931,0.8584604208979165,-0.5011449161271578,0.5374470186031081,0.2888492978053696,BENCHMARKED,GEE_MULTI_YEAR,STRONG,True
KNP,PMLV2,2018,46,2018-01-01,2018-12-27,0.9447145459714524,0.6839370137685996,0.021233475220343072,0.5216106897324996,0.2720777116432139,BENCHMARKED,GEE_MULTI_YEAR,STRONG,True
NIT,PMLV2,2016,20,2016-06-25,2016-11-24,1.2427732731168977,1.0360521959519005,-0.8593339244070073,0.6380013247265183,0.4070456903527922,BENCHMARKED,GEE_MULTI_YEAR,ADEQUATE,True
NIT,PMLV2,2017,28,2017-05-25,2017-12-27,1.4501183938652884,1.1791761218778416,-0.33954699794961013,0.5642488023449359,0.31837671094769454,BENCHMARKED,GEE_MULTI_YEAR,ADEQUATE,True
NIT,PMLV2,2018,40,2018-01-01,2018-11-09,1.1467036609798666,0.8692661561057008,-0.6320290575068885,0.6154491701763516,0.37877768107075976,BENCHMARKED,GEE_MULTI_YEAR,STRONG,True
PVM,PMLV2,2017,11,2017-10-08,2017-12-27,1.2195922703095665,1.036023429825658,0.8748394097619017,0.11346918796100743,0.012875256616530432,BENCHMARKED,GEE_MULTI_YEAR,ADEQUATE,True
SFT,PMLV2,2014,46,2014-01-01,2014-12-27,1.8968385123152371,1.3065732488921515,-0.9148714771864477,0.4163882486655644,0.17337917362677588,BENCHMARKED,GEE_MULTI_YEAR,STRONG,True
SFT,PMLV2,2015,46,2015-01-01,2015-12-27,1.9180453216097193,1.264759098695209,-0.7160549023029417,0.24974549204751456,0.06237281079805516,BENCHMARKED,GEE_MULTI_YEAR,STRONG,True
SFT,PMLV2,2016,12,2016-01-01,2016-03-29,1.4975240768247322,1.0471626567112489,-0.14404977395556517,-0.027752514451434316,0.0007702020583770705,BENCHMARKED,GEE_MULTI_YEAR,ADEQUATE,True
SIT,PMLV2,2016,2,2016-06-17,2016-12-26,0.051321421823847115,0.05129098833333351,-0.05129098833333351,0.9999999999999999,0.9999999999999998,BENCHMARKED,GEE_MULTI_YEAR,INSUFFICIENT,False
SIT,PMLV2,2017,28,2017-01-01,2017-12-27,0.9152632278145011,0.6308945482103175,-0.5290967720595238,0.8908593753628157,0.7936304266718262,BENCHMARKED,GEE_MULTI_YEAR,ADEQUATE,True
SIT,PMLV2,2018,40,2018-01-01,2018-11-09,1.3410846507890835,0.9556095079777778,0.24359434968333343,0.29791457102708935,0.08875309163025466,BENCHMARKED,GEE_MULTI_YEAR,STRONG,True
UIT,PMLV2,2016,46,2016-01-01,2016-12-26,2.104779578742631,1.6023526650683224,-1.5497548988681626,0.5849868826273115,0.3422096528460199,BENCHMARKED,GEE_MULTI_YEAR,STRONG,True
UIT,PMLV2,2017,46,2017-01-01,2017-12-27,2.2100595478198053,1.722308989148668,-1.6574787879080348,0.479666232540888,0.23007969463996927,BENCHMARKED,GEE_MULTI_YEAR,STRONG,True
