Site,Product,Years,Year_Count,N,N_CATEGORY,N_SUFFICIENT,Start,End,RMSE,MAE,BIAS,ABS_BIAS,CORRELATION,R2,METRIC_SOURCE
BFT,ERA5-LAND,2016,1,366,STRONG,True,2016-01-01,2016-12-31,3.9084476756260047,3.2550639693229995,-3.223032904831067,3.223032904831067,0.7864978741196847,0.6185789059947835,POOLED_RAW_EXTRACTIONS
BFT,FLDAS,2016,1,12,ADEQUATE,True,2016-01-01,2016-12-01,2.480923524235043,2.099153564770229,-2.054316493106876,2.054316493106876,0.8382796455692486,0.702712764175705,POOLED_RAW_EXTRACTIONS
BFT,GLDAS,2016,1,366,STRONG,True,2016-01-01,2016-12-31,3.34373822676097,2.877883706031776,-2.872077173199142,2.872077173199142,0.8255939671219078,0.6816053985480898,POOLED_RAW_EXTRACTIONS
BFT,MERRA2,2016,1,366,STRONG,True,2016-01-01,2016-12-31,3.5839272604641494,3.109924260518547,-3.086293022558564,3.086293022558564,0.7695150700300495,0.5921534430033519,POOLED_RAW_EXTRACTIONS
BFT,MOD16A2GF,2016,1,46,STRONG,True,2016-01-01,2016-12-26,13.17177895120969,8.924795656628286,7.616370416923274,7.616370416923274,0.7880338078657112,0.6209972823393326,POOLED_RAW_EXTRACTIONS
BFT,PMLV2,2016,1,46,STRONG,True,2016-01-01,2016-12-26,4.203428855651595,3.5289026346638948,-3.479781257863433,3.479781257863433,0.6340606813594847,0.40203294764605396,POOLED_RAW_EXTRACTIONS
BIT,ERA5-LAND,2016,1,210,STRONG,True,2016-01-01,2016-12-31,1.0246728725634888,0.7993922600818556,-0.08390030787363235,0.08390030787363235,0.3686452114637313,0.13589929193513917,POOLED_RAW_EXTRACTIONS
BIT,FLDAS,2016,1,7,LIMITED,False,2016-01-01,2016-12-01,0.4961997604396645,0.4405866466140348,-0.09373057255005258,0.09373057255005258,0.7684336750389857,0.5904903129339215,POOLED_RAW_EXTRACTIONS
BIT,GLDAS,2016,1,210,STRONG,True,2016-01-01,2016-12-31,1.122144213775877,0.9033468670139853,0.19770448149704967,0.19770448149704967,0.2973426540581401,0.08841265392233877,POOLED_RAW_EXTRACTIONS
BIT,MERRA2,2016,1,210,STRONG,True,2016-01-01,2016-12-31,1.2937160885190933,1.0259785303635875,-0.9803211230177244,0.9803211230177244,0.612846079776652,0.37558031749761045,POOLED_RAW_EXTRACTIONS
BIT,MOD16A2GF,2016,1,26,ADEQUATE,True,2016-01-01,2016-12-26,8.508206741517666,7.734856865541223,7.734856865541223,7.734856865541223,0.18561567577192453,0.034453179092268214,POOLED_RAW_EXTRACTIONS
BIT,PMLV2,2016,1,26,ADEQUATE,True,2016-01-01,2016-12-26,0.6923890285229335,0.6106183976632499,0.5308118265348024,0.5308118265348024,0.7855500745967096,0.6170889196988959,POOLED_RAW_EXTRACTIONS
BKC,ERA5-LAND,2016,1,64,STRONG,True,2016-01-01,2016-03-04,0.6834861311549822,0.6440569097867569,0.6435166477936259,0.6435166477936259,0.6326034005398138,0.40018706237453605,POOLED_RAW_EXTRACTIONS
BKC,FLDAS,2016,1,3,INSUFFICIENT,False,2016-01-01,2016-03-01,0.2274504198845545,0.20375476051527072,0.1525156568873537,0.1525156568873537,0.20396199311144445,0.04160049463399291,POOLED_RAW_EXTRACTIONS
BKC,GLDAS,2016,1,64,STRONG,True,2016-01-01,2016-03-04,0.21182060955786386,0.17107034993049225,-0.05724379245950833,0.05724379245950833,0.6043948580271721,0.36529314440968547,POOLED_RAW_EXTRACTIONS
BKC,MERRA2,2016,1,64,STRONG,True,2016-01-01,2016-03-04,0.2848221289292598,0.24545654658510338,-0.23176115068303588,0.23176115068303588,0.8053350717566902,0.6485645778013533,POOLED_RAW_EXTRACTIONS
BKC,MOD16A2GF,2016,1,8,LIMITED,False,2016-01-01,2016-02-26,1.1862303230651527,0.7645172643370164,0.762877876111245,0.762877876111245,-0.175648658468546,0.030852451221799915,POOLED_RAW_EXTRACTIONS
BKC,PMLV2,2016,1,8,LIMITED,False,2016-01-01,2016-02-26,0.379244586481652,0.31675942807320456,0.23014492370696393,0.23014492370696393,0.5729713204231942,0.3282961340274987,POOLED_RAW_EXTRACTIONS
BKC,SSEBOP_V61,"2014,2015,2016",3,17,ADEQUATE,True,2014-07-01,2016-02-01,20.40045710995366,13.829557311265365,-8.520377945295218,8.520377945295218,0.8191021513519279,0.6709283343493566,POOLED_RAW_EXTRACTIONS
DIT,ERA5-LAND,2016,1,366,STRONG,True,2016-01-01,2016-12-31,0.9397425344554834,0.7657116417456553,-0.25560734191067813,0.25560734191067813,0.7628091624243385,0.5818778182785208,POOLED_RAW_EXTRACTIONS
DIT,FLDAS,2016,1,12,ADEQUATE,True,2016-01-01,2016-12-01,1.3797443211616855,1.1090675403500312,-0.9195704332336083,0.9195704332336083,0.8431595165011913,0.7109179702665226,POOLED_RAW_EXTRACTIONS
DIT,GLDAS,2016,1,366,STRONG,True,2016-01-01,2016-12-31,1.1269167768103874,0.8235714763093356,0.12653078887189229,0.12653078887189229,0.6932611599654075,0.48061103591658233,POOLED_RAW_EXTRACTIONS
DIT,MERRA2,2016,1,366,STRONG,True,2016-01-01,2016-12-31,0.9619044926929584,0.7987898350147924,-0.40897484412807267,0.40897484412807267,0.8608978852759985,0.7411451688726863,POOLED_RAW_EXTRACTIONS
DIT,MOD16A2GF,2016,1,46,STRONG,True,2016-01-01,2016-12-26,14.997036195124457,11.623532294711739,11.590582043301065,11.590582043301065,0.7110272041885191,0.505559685096142,POOLED_RAW_EXTRACTIONS
DIT,PMLV2,2016,1,46,STRONG,True,2016-01-01,2016-12-26,1.200888749707174,0.9211985946041049,-0.4638557817869297,0.4638557817869297,0.5889502918801283,0.3468624463056883,POOLED_RAW_EXTRACTIONS
JIT,ERA5-LAND,2016,1,184,STRONG,True,2016-06-21,2016-12-21,1.0699552209645005,0.6793696815251167,-0.17894895786195597,0.17894895786195597,0.5170154394881176,0.26730496466909137,POOLED_RAW_EXTRACTIONS
JIT,FLDAS,2016,1,6,LIMITED,False,2016-07-01,2016-12-01,1.8709926974314266,1.3598814062562898,0.23090518678145647,0.23090518678145647,-0.13578473696473353,0.018437494792581874,POOLED_RAW_EXTRACTIONS
JIT,GLDAS,2016,1,184,STRONG,True,2016-06-21,2016-12-21,1.0245615338015197,0.6244804080864531,-0.413880728279061,0.413880728279061,0.4391879463788813,0.19288605224449912,POOLED_RAW_EXTRACTIONS
JIT,MERRA2,2016,1,184,STRONG,True,2016-06-21,2016-12-21,0.9241949941538193,0.589297974216881,0.2989724547771157,0.2989724547771157,0.6451781895652398,0.41625489629068047,POOLED_RAW_EXTRACTIONS
JIT,MOD16A2GF,2016,1,23,ADEQUATE,True,2016-06-25,2016-12-18,0.848490365042777,0.602659548841254,0.2712906030333671,0.2712906030333671,0.6753141333230083,0.4560491786658058,POOLED_RAW_EXTRACTIONS
JIT,PMLV2,2016,1,23,ADEQUATE,True,2016-06-25,2016-12-18,0.6624732480728956,0.5076926072743628,-0.19562557841079456,0.19562557841079456,0.7656334919041933,0.5861946439254084,POOLED_RAW_EXTRACTIONS
JIT,SSEBOP_V61,"2016,2017,2018",3,23,ADEQUATE,True,2016-07-01,2018-09-01,22.686781791665922,18.07032977434783,-9.208994787130436,9.208994787130436,0.45252683881240463,0.20478053984554803,POOLED_RAW_EXTRACTIONS
KKM,ERA5-LAND,2016,1,366,STRONG,True,2016-01-01,2016-12-31,0.8944921597154282,0.644633605742889,0.1655420052909314,0.1655420052909314,0.745098787053987,0.5551722024693228,POOLED_RAW_EXTRACTIONS
KKM,FLDAS,2016,1,12,ADEQUATE,True,2016-01-01,2016-12-01,1.5309463912149148,1.3661890015413303,1.323035339063777,1.323035339063777,0.7945078218008467,0.6312426789027259,POOLED_RAW_EXTRACTIONS
KKM,GLDAS,2016,1,366,STRONG,True,2016-01-01,2016-12-31,1.5731600643517119,1.2266821788687405,-1.1380582364286786,1.1380582364286786,0.6143445609663915,0.37741923958898826,POOLED_RAW_EXTRACTIONS
KKM,MERRA2,2016,1,366,STRONG,True,2016-01-01,2016-12-31,1.0692936512622344,0.7628559860628031,0.09353655151221434,0.09353655151221434,0.7726824537924702,0.597038174398753,POOLED_RAW_EXTRACTIONS
KKM,MOD16A2GF,2016,1,46,STRONG,True,2016-01-01,2016-12-26,12.613021705469396,10.297201110547345,9.918193146350413,9.918193146350413,0.7465416296677174,0.5573244048269314,POOLED_RAW_EXTRACTIONS
KKM,PMLV2,2016,1,46,STRONG,True,2016-01-01,2016-12-26,1.3554963446954669,1.0244289895951133,-0.0374721116251066,0.0374721116251066,0.5444349592275046,0.29640942482905464,POOLED_RAW_EXTRACTIONS
KKM,SSEBOP_V61,"2014,2015,2016",3,35,STRONG,True,2014-02-01,2016-12-01,37.17405837083976,33.63314067228571,18.230642675314286,18.230642675314286,0.36297523192600845,0.13175101899173963,POOLED_RAW_EXTRACTIONS
KNP,ERA5-LAND,2016,1,366,STRONG,True,2016-01-01,2016-12-31,0.8565687825617306,0.6902435583596471,-0.046996359222361554,0.046996359222361554,0.794004468793667,0.6304430964643134,POOLED_RAW_EXTRACTIONS
KNP,FLDAS,2016,1,12,ADEQUATE,True,2016-01-01,2016-12-01,1.837601758824413,1.223547613789066,0.9368609279595844,0.9368609279595844,0.4361927181646243,0.19026408737984335,POOLED_RAW_EXTRACTIONS
KNP,GLDAS,2016,1,366,STRONG,True,2016-01-01,2016-12-31,1.2982164165047039,1.0784651017011953,0.5584051560764582,0.5584051560764582,0.7013458393000299,0.49188598630346336,POOLED_RAW_EXTRACTIONS
KNP,MERRA2,2016,1,366,STRONG,True,2016-01-01,2016-12-31,1.4793719137095462,1.0882007541557572,0.5234824847955453,0.5234824847955453,0.5323061453772191,0.2833498324063531,POOLED_RAW_EXTRACTIONS
KNP,MOD16A2GF,2016,1,46,STRONG,True,2016-01-01,2016-12-26,18.8993301111333,16.967415334502135,16.967415334502135,16.967415334502135,0.48964707069709273,0.23975425384224372,POOLED_RAW_EXTRACTIONS
KNP,PMLV2,2016,1,46,STRONG,True,2016-01-01,2016-12-26,1.4342935236447971,1.102945739455021,-0.7685686122776056,0.7685686122776056,0.6502230803859992,0.42279005426665756,POOLED_RAW_EXTRACTIONS
NIT,ERA5-LAND,2016,1,160,STRONG,True,2016-06-22,2016-11-28,0.9695725762656983,0.7937121053809362,-0.36821490771539717,0.36821490771539717,0.6483885465926831,0.42040770735257194,POOLED_RAW_EXTRACTIONS
NIT,FLDAS,2016,1,5,LIMITED,False,2016-07-01,2016-11-01,1.2438471482022904,1.2223228511686814,0.7063358230856478,0.7063358230856478,0.7415243311687005,0.5498583337151887,POOLED_RAW_EXTRACTIONS
NIT,GLDAS,2016,1,160,STRONG,True,2016-06-22,2016-11-28,1.2594195651194915,1.0184601062231677,-0.8355692679593139,0.8355692679593139,0.5951370377963578,0.3541880937570235,POOLED_RAW_EXTRACTIONS
NIT,MERRA2,2016,1,160,STRONG,True,2016-06-22,2016-11-28,1.1984587615754496,0.9849975102779063,-0.3883462463053188,0.3883462463053188,0.6573444513096541,0.43210172766759025,POOLED_RAW_EXTRACTIONS
NIT,MOD16A2GF,2016,1,20,ADEQUATE,True,2016-06-25,2016-11-24,16.57476350467631,14.169781085486239,14.169781085486239,14.169781085486239,0.6568600202530163,0.4314650862067929,POOLED_RAW_EXTRACTIONS
NIT,PMLV2,2016,1,20,ADEQUATE,True,2016-06-25,2016-11-24,1.2427732731168974,1.0360521959519005,-0.8593339244070073,0.8593339244070073,0.6380013247265185,0.4070456903527925,POOLED_RAW_EXTRACTIONS
SFT,ERA5-LAND,2016,1,91,STRONG,True,2016-01-01,2016-03-31,1.2077166843090283,0.9718462297430855,-0.3399339743743889,0.3399339743743889,0.04733168298535081,0.002240288214225747,POOLED_RAW_EXTRACTIONS
SFT,FLDAS,2016,1,3,INSUFFICIENT,False,2016-01-01,2016-03-01,0.9615862784300587,0.9025476075356132,-0.9025476075356132,0.9025476075356132,0.88804130617228,0.7886173614681693,POOLED_RAW_EXTRACTIONS
SFT,GLDAS,2016,1,91,STRONG,True,2016-01-01,2016-03-31,1.0290785688403978,0.7918359039469874,-0.4712864455608204,0.4712864455608204,-0.07583322356109519,0.005750677795667043,POOLED_RAW_EXTRACTIONS
SFT,MERRA2,2016,1,91,STRONG,True,2016-01-01,2016-03-31,1.5033428695355049,1.2781339995669636,-0.8919234950950766,0.8919234950950766,0.12296988677491003,0.015121593053434192,POOLED_RAW_EXTRACTIONS
SFT,PMLV2,2016,1,12,ADEQUATE,True,2016-01-01,2016-03-29,1.4975240768247322,1.0471626567112486,-0.14404977395556517,0.14404977395556517,-0.027752514451434316,0.0007702020583770705,POOLED_RAW_EXTRACTIONS
SIT,ERA5-LAND,2016,1,10,ADEQUATE,True,2016-06-17,2016-12-31,0.5098685859311499,0.4736755872746494,0.4190149743230777,0.4190149743230777,0.9775189799344296,0.9555433561320478,POOLED_RAW_EXTRACTIONS
SIT,GLDAS,2016,1,10,ADEQUATE,True,2016-06-17,2016-12-31,0.7409452969828532,0.6962506645002993,0.2698776859328846,0.2698776859328846,0.9158478624352268,0.838777307127174,POOLED_RAW_EXTRACTIONS
SIT,MERRA2,2016,1,10,ADEQUATE,True,2016-06-17,2016-12-31,0.8180984486399367,0.6120104379939826,-0.1952516325418528,0.1952516325418528,0.8964100062005007,0.8035508992163817,POOLED_RAW_EXTRACTIONS
SIT,MOD16A2GF,2016,1,2,INSUFFICIENT,False,2016-06-17,2016-12-26,5.090108857315132,4.762583365671837,4.762583365671837,4.762583365671837,1.0,1.0,POOLED_RAW_EXTRACTIONS
SIT,PMLV2,2016,1,2,INSUFFICIENT,False,2016-06-17,2016-12-26,0.05132142182384691,0.051290988333333315,-0.051290988333333315,0.051290988333333315,1.0,1.0,POOLED_RAW_EXTRACTIONS
SIT,SSEBOP_V61,"2017,2018",2,16,ADEQUATE,True,2017-07-01,2018-10-01,27.30643349087205,23.0814975089375,-10.406464984812501,10.406464984812501,0.6002576489582637,0.3603092451329022,POOLED_RAW_EXTRACTIONS
UIT,ERA5-LAND,2016,1,366,STRONG,True,2016-01-01,2016-12-31,1.964538216293517,1.3809348576948481,-1.2339584559065524,1.2339584559065524,0.48050476868468817,0.23088483272872568,POOLED_RAW_EXTRACTIONS
UIT,FLDAS,2016,1,12,ADEQUATE,True,2016-01-01,2016-12-01,2.2662771071196524,1.5657807660157204,-1.1828543169095111,1.1828543169095111,0.32624205585279004,0.10643387900705498,POOLED_RAW_EXTRACTIONS
UIT,GLDAS,2016,1,366,STRONG,True,2016-01-01,2016-12-31,2.5251837162616537,1.9506152126812555,-1.8729561669901595,1.8729561669901595,0.35660506596437674,0.1271671730714575,POOLED_RAW_EXTRACTIONS
UIT,MERRA2,2016,1,366,STRONG,True,2016-01-01,2016-12-31,2.2007366630346707,1.700763330399901,-1.198413700707175,1.198413700707175,0.48671636015286174,0.23689281524045022,POOLED_RAW_EXTRACTIONS
UIT,MOD16A2GF,2016,1,46,STRONG,True,2016-01-01,2016-12-26,5.256510525986832,3.9603721225374757,1.651648186919416,1.651648186919416,0.15985215137484712,0.025552710299167038,POOLED_RAW_EXTRACTIONS
UIT,PMLV2,2016,1,46,STRONG,True,2016-01-01,2016-12-26,2.104779578742631,1.6023526650683224,-1.5497548988681624,1.5497548988681624,0.5849868826273115,0.3422096528460199,POOLED_RAW_EXTRACTIONS
UIT,SSEBOP_V61,"2016,2017",2,24,ADEQUATE,True,2016-01-01,2017-12-01,65.9554363641383,53.161000325833335,-52.931769379083335,52.931769379083335,0.4167471953436704,0.17367822482681536,POOLED_RAW_EXTRACTIONS
