Site,Product,Year,N,N_CATEGORY,EXPECTED_TEMPORAL_SAMPLING,RMSE,MAE,BIAS,CORRELATION,R2,DIAGNOSTIC
SIT,MOD16A2GF,2016,2,INSUFFICIENT,8-day,5.090108857315131,4.762583365671836,4.762583365671836,1.0,1.0,"very low overlap; MOD16A2GF has 8-day sampling, so N is naturally lower than daily products"
SIT,PMLV2,2016,2,INSUFFICIENT,8-day,0.0513214218238471,0.0512909883333335,-0.0512909883333335,1.0,0.9999999999999998,"very low overlap; PMLV2 has 8-day sampling, so N is naturally lower than daily products"
BKC,FLDAS,2016,3,INSUFFICIENT,monthly/irregular,0.2274504198845545,0.2037547605152707,0.1525156568873537,0.2039619931114444,0.0416004946339929,very low overlap; sparse temporal sampling is expected for FLDAS
SFT,FLDAS,2016,3,INSUFFICIENT,monthly/irregular,0.9615862784300588,0.9025476075356132,-0.9025476075356132,0.88804130617228,0.7886173614681693,very low overlap; sparse temporal sampling is expected for FLDAS
NIT,FLDAS,2016,5,LIMITED,monthly/irregular,1.2438471482022904,1.2223228511686814,0.7063358230856478,0.7415243311687005,0.5498583337151887,low overlap; sparse temporal sampling is expected for FLDAS
JIT,FLDAS,2016,6,LIMITED,monthly/irregular,1.8709926974314264,1.3598814062562898,0.2309051867814563,-0.1357847369647335,0.0184374947925818,low overlap; sparse temporal sampling is expected for FLDAS
BIT,FLDAS,2016,7,LIMITED,monthly/irregular,0.4961997604396646,0.4405866466140348,-0.0937305725500525,0.7684336750389856,0.5904903129339214,low overlap; sparse temporal sampling is expected for FLDAS
BKC,MOD16A2GF,2016,8,LIMITED,8-day,1.1862303230651527,0.7645172643370164,0.762877876111245,-0.175648658468546,0.0308524512217999,"low overlap; MOD16A2GF has 8-day sampling, so N is naturally lower than daily products"
BKC,PMLV2,2016,8,LIMITED,8-day,0.3792445864816519,0.3167594280732045,0.2301449237069639,0.5729713204231941,0.3282961340274986,"low overlap; PMLV2 has 8-day sampling, so N is naturally lower than daily products"
