Year,Observed_ET,Satellite_ET,Z_Observed,Z_Product,Site,Product
2016,5.0042260321065575,1.7811931272754904,0.6651198142758228,0.9392450469721786,BFT,ERA5-LAND
2017,2.810133855881119,1.1073968900771407,-1.413398343026121,-1.3852447470606772,BFT,ERA5-LAND
2018,5.092008707553692,1.638216866592833,0.7482785287502985,0.4459997000884986,BFT,ERA5-LAND
2016,4.653987918666666,2.599671425559791,0.17757901850873004,0.6095051032922135,BFT,FLDAS
2017,3.107982943,0.9469123760936782,-1.3038406477415916,-1.4099121088122026,BFT,FLDAS
2018,5.6440301531,2.7559119708894286,1.1262616292328629,0.800407005519989,BFT,FLDAS
2016,5.0042260321065575,2.132148858907415,0.6651198142758228,1.1572487830254765,BFT,GLDAS
2017,2.810133855881119,0.9509515815285862,-1.413398343026121,-1.2825998460845152,BFT,GLDAS
2018,5.092008707553692,1.6325790237892426,0.7482785287502985,0.12535106305903881,BFT,GLDAS
2016,5.0042260321065575,1.9179330095479934,0.6651198142758228,0.7836217772035402,BFT,MERRA2
2017,2.810133855881119,0.07629493890193201,-1.413398343026121,-1.4113464116313867,BFT,MERRA2
2018,5.092008707553692,1.7871310623028918,0.7482785287502985,0.6277246344278463,BFT,MERRA2
2016,4.9282587390869566,12.544629156010231,0.7770182905766685,0.7182379560339762,BFT,MOD16A2GF
2017,2.590697357,2.023823888529771,-1.4118282216677325,-1.4141548441770455,BFT,MOD16A2GF
2018,4.776388442342105,12.434501411900793,0.6348099310910631,0.695916888143069,BFT,MOD16A2GF
2016,4.9282587390869566,1.4484774812235244,0.7770182905766685,0.9759194826499452,BFT,PMLV2
2017,2.590697357,0.6738477120276284,-1.4118282216677325,-1.3743489744151527,BFT,PMLV2
2018,4.776388442342105,1.25814137855098,0.6348099310910631,0.39842949176520714,BFT,PMLV2
2016,1.8703108725190476,1.7864105646454154,-1.0000000000000004,-1.0,BIT,ERA5-LAND
2017,2.8052229184717605,2.036351329984261,0.9999999999999996,1.0,BIT,ERA5-LAND
2016,1.7489013584285715,1.655170785878519,-0.9999999999999997,-0.9999999999999997,BIT,FLDAS
2017,2.5028523654,2.3003740928834304,1.0000000000000002,1.0000000000000004,BIT,FLDAS
2016,1.8703108725190476,2.0680153540160973,-1.0000000000000004,-1.0,BIT,GLDAS
2017,2.8052229184717605,2.813696758801785,0.9999999999999996,1.0,BIT,GLDAS
2016,1.8703108725190476,0.889989749501323,-1.0000000000000004,-1.0,BIT,MERRA2
2017,2.8052229184717605,2.279936177589127,0.9999999999999996,0.9999999999999999,BIT,MERRA2
2016,1.7327454416538461,9.467602307195069,-1.0000000000000002,-1.0000000000000004,BIT,MOD16A2GF
2017,2.737162021263158,14.236061307113937,0.9999999999999998,0.9999999999999997,BIT,MOD16A2GF
2016,1.7327454416538461,2.263557268188648,-1.0000000000000002,-0.999999999999995,BIT,PMLV2
2017,2.737162021263158,2.3522498590521677,0.9999999999999998,1.000000000000005,BIT,PMLV2
2014,1.9956733354411766,2.764540802066525,1.1282789020428972,0.90248665641442,BKC,ERA5-LAND
2015,1.4105477684107746,2.4754547573600956,0.174264259291315,0.4916980147433679,BKC,ERA5-LAND
2016,0.5047778350521871,1.148294482845813,-1.3025431613342124,-1.3941846711577885,BKC,ERA5-LAND
2014,1.9300488863333334,3.44043970835628,0.9541025368517678,1.1389427455267647,BKC,FLDAS
2015,1.5946400334,2.2928741689247545,0.4269765308589423,0.15655002279529304,BKC,FLDAS
2016,0.44417914271840325,0.596694799605757,-1.38107906771071,-1.2954927683220578,BKC,FLDAS
2014,1.9956733354411766,2.3401970017028577,1.1282789020428972,1.0748971372467062,BKC,GLDAS
2015,1.4105477684107746,1.6985382257024122,0.174264259291315,0.2584453365261503,BKC,GLDAS
2016,0.5047778350521871,0.4475340425926788,-1.3025431613342124,-1.3333424737728563,BKC,GLDAS
2014,1.9956733354411766,3.14146708707582,1.1282789020428972,1.0247764012890006,BKC,MERRA2
2015,1.4105477684107746,2.3064879655472006,0.174264259291315,0.3316349006512362,BKC,MERRA2
2016,0.5047778350521871,0.2730166843691513,-1.3025431613342124,-1.3564113019402375,BKC,MERRA2
2014,1.96524998996,6.904578064516129,1.1223496994153042,1.0889834867240356,BKC,MOD16A2GF
2015,1.3805525381052632,4.896983022071308,0.18397504404982695,0.23690842571383558,BKC,MOD16A2GF
2016,0.4519527690500455,1.2148306451612905,-1.306324743465131,-1.3258919124378707,BKC,MOD16A2GF
2014,1.96524998996,2.2031408878504677,1.1223496994153042,0.9650747901528213,BKC,PMLV2
2015,1.3805525381052632,1.844534093703886,0.18397504404982695,0.41271284204090825,BKC,PMLV2
2016,0.4519527690500455,0.6820976927570095,-1.306324743465131,-1.37778763219373,BKC,PMLV2
2014,59.06835805433334,47.5,1.0349807761206773,1.0802573388244108,BKC,SSEBOP_V61
2015,45.82203311377778,37.0,0.31714192307761474,0.2503035297276073,BKC,SSEBOP_V61
2016,15.018989360009362,17.0,-1.3521226991982913,-1.3305608685520187,BKC,SSEBOP_V61
2016,2.2012661909234974,1.945658849012819,-1.0,-1.0,DIT,ERA5-LAND
2017,2.405973796071233,2.059436331771008,1.0,1.0,DIT,ERA5-LAND
2016,2.512118299,1.5925478657663916,0.999999999999987,-1.0,DIT,FLDAS
2017,2.477808534833333,1.6444093347672606,-1.0000000000000129,1.0,DIT,FLDAS
2016,2.2012661909234974,2.3277969797953895,-1.0,-1.0,DIT,GLDAS
2017,2.405973796071233,2.3513194041291556,1.0,1.0,DIT,GLDAS
2016,2.2012661909234974,1.7922913467954247,-1.0,-0.9999999999999921,DIT,MERRA2
2017,2.405973796071233,1.8204191226900694,1.0,1.000000000000008,DIT,MERRA2
2016,2.202096262478261,13.792678305779328,-1.0,-0.9999999999999964,DIT,MOD16A2GF
2017,2.361273230652174,14.288177505824237,1.0,1.0000000000000036,DIT,MOD16A2GF
2016,2.202096262478261,1.7382404806913312,-1.0,-1.0,DIT,PMLV2
2017,2.361273230652174,1.790003915743991,1.0,1.0,DIT,PMLV2
2016,0.9012054368369565,0.7222564789750006,-1.3078929317194816,0.6405741718190942,JIT,ERA5-LAND
2017,0.9255780157132353,0.7424792240592925,0.18804727143173525,0.7716142593587473,JIT,ERA5-LAND
2018,0.9407593242183099,0.4054641475717366,1.1198456602877465,-1.4121884311778417,JIT,ERA5-LAND
2016,0.8869879545,1.1178931412814563,-0.82680566191661,0.8294000196300493,JIT,FLDAS
2017,1.125095435625,1.061663405789659,1.4070296714104835,0.5773038740373801,JIT,FLDAS
2018,0.9132714209999999,0.6191329112061794,-0.5802240094938703,-1.4067038936674294,JIT,FLDAS
2016,0.9012054368369565,0.48732470855789556,-1.3078929317194816,1.018504838080061,JIT,GLDAS
2017,0.9255780157132353,0.40538855874555174,0.18804727143173525,0.34044512779980324,JIT,GLDAS
2018,0.9407593242183099,0.20003512323683023,1.1198456602877465,-1.3589499658798645,JIT,GLDAS
2016,0.9012054368369565,1.2001778916140722,-1.3078929317194816,0.6672938245652245,JIT,MERRA2
2017,0.9255780157132353,1.2202671024986236,0.18804727143173525,0.74618604413835,JIT,MERRA2
2018,0.9407593242183099,0.6703271439321903,1.1198456602877465,-1.4134798687035752,JIT,MERRA2
2016,0.8978954434782608,1.169186046511628,-0.8648564713618292,1.240204829462702,JIT,MOD16A2GF
2017,1.1503458756470588,1.052684678522572,1.401457369896019,-0.031528727133066724,JIT,MOD16A2GF
2018,0.9344606621666666,0.9448481912144704,-0.5366008985341888,-1.2086761023296353,JIT,MOD16A2GF
2016,0.8978954434782608,0.7022698650674662,-0.8648564713618292,0.493704528228972,JIT,PMLV2
2017,1.1503458756470588,0.7616362407031778,1.401457369896019,0.9008375367919507,JIT,PMLV2
2018,0.9344606621666666,0.426933908045977,-0.5366008985341888,-1.3945420650209226,JIT,PMLV2
2016,30.816546409,30.2,1.4099145724037898,1.2726349079029728,JIT,SSEBOP_V61
2017,27.97302447488889,20.333333333333332,-0.800380940987169,-0.10218236486812204,JIT,SSEBOP_V61
2018,28.218547531666665,12.666666666666666,-0.6095336314166206,-1.1704525430348511,JIT,SSEBOP_V61
2014,2.4761990304428574,2.5222446716257503,0.9574300993218791,0.5468615611233337,KKM,ERA5-LAND
2015,2.384868162293151,2.5666018029394215,0.42267038603478185,0.8560411423847697,KKM,ERA5-LAND
2016,2.076975430907104,2.2425174361980353,-1.380100485356666,-1.4029027035080972,KKM,ERA5-LAND
2014,2.268043673909091,3.781796426152472,0.4738902095385605,1.2109888745474093,KKM,FLDAS
2015,2.3672537636666666,3.48775944148656,0.9169920910856856,0.02706343303683005,KKM,FLDAS
2016,1.8505228828333333,3.1735582218971103,-1.3908823006242481,-1.2380523075842393,KKM,FLDAS
2014,2.4761990304428574,1.4981609473803215,0.9574300993218791,1.2482782134531003,KKM,GLDAS
2015,2.384868162293151,1.2019169621944208,0.42267038603478185,-0.048508038798705515,KKM,GLDAS
2016,2.076975430907104,0.9389171944784251,-1.380100485356666,-1.1997701746543958,KKM,GLDAS
2014,2.4761990304428574,2.547773490321893,0.9574300993218791,0.38629582808857155,KKM,MERRA2
2015,2.384868162293151,2.6762864049710573,0.42267038603478185,0.9850208556576739,KKM,MERRA2
2016,2.076975430907104,2.170511982419318,-1.380100485356666,-1.3713166837462414,KKM,MERRA2
2014,2.434421402772727,11.023467708761828,0.31870368578186253,0.012670048270831498,KKM,MOD16A2GF
2015,2.496895050434783,9.803014249177933,1.0338878524351163,-1.2310307424293963,KKM,MOD16A2GF
2016,2.288428365130435,12.206621511480849,-1.3525915382169735,1.2183606941585665,KKM,MOD16A2GF
2014,2.434421402772727,2.592486233620558,0.31870368578186253,1.1747863536272114,KKM,PMLV2
2015,2.496895050434783,2.4415186910190445,1.0338878524351163,0.09444827653054572,KKM,PMLV2
2016,2.288428365130435,2.2509562535053282,-1.3525915382169735,-1.269234630157754,KKM,PMLV2
2014,76.7525108559091,94.18181818181819,1.0492432201726576,0.872679327034476,KKM,SSEBOP_V61
2015,72.53973993641667,92.16666666666667,0.2965461551670808,0.5274150221393284,KKM,SSEBOP_V61
2016,63.34775064266666,80.91666666666667,-1.3457893753397423,-1.400094349173807,KKM,SSEBOP_V61
2016,2.844320745204918,2.7973243859825563,1.253427180257467,-0.5118971920953408,KNP,ERA5-LAND
2017,2.5034276527195947,2.7498835383134113,-0.05953616828979618,-0.8857479260385159,KNP,ERA5-LAND
2018,2.2089078315342467,3.0396411654679745,-1.1938910119676691,1.3976451181338463,KNP,ERA5-LAND
2016,2.931617193916667,3.868478121876251,1.3277668909679081,1.4064028232696826,KNP,FLDAS
2017,2.0118182836,3.6433517461409792,-1.0855187291558281,-0.8317444940014148,KNP,FLDAS
2018,2.33322215825,3.6692110254080035,-0.24224816181208003,-0.5746583292682678,KNP,FLDAS
2016,2.844320745204918,3.402725901281376,1.253427180257467,-0.17529021047773696,KNP,GLDAS
2017,2.5034276527195947,3.248595653078794,-0.05953616828979618,-1.12765527186261,KNP,GLDAS
2018,2.2089078315342467,3.641962769026876,-1.1938910119676691,1.3029454823403526,KNP,GLDAS
2016,2.844320745204918,3.3678032300004634,1.253427180257467,1.3207124325312845,KNP,MERRA2
2017,2.5034276527195947,3.195433189310456,-0.05953616828979618,-1.0982934297083573,KNP,MERRA2
2018,2.2089078315342467,3.2578449895289956,-1.1938910119676691,-0.2224190028229397,KNP,MERRA2
2016,2.863985007934783,19.831400342436922,1.2084397736294963,0.8110934525520257,KNP,MOD16A2GF
2017,2.507179983657895,19.694814990995894,0.031983685269468064,0.597745633119015,KNP,MOD16A2GF
2018,2.1212741547391305,18.41019872568558,-1.240423458898966,-1.4088390856710296,KNP,MOD16A2GF
2016,2.863985007934783,2.095416395657177,1.2084397736294963,0.24906117666178315,KNP,PMLV2
2017,2.507179983657895,2.006035067530737,0.031983685269468064,-1.3301326776248132,KNP,PMLV2
2018,2.1212741547391305,2.1425076299594736,-1.240423458898966,1.0810715009630458,KNP,PMLV2
2016,3.3109306093625,2.942715701647103,1.2124459142778263,1.0641424636820125,NIT,ERA5-LAND
2017,2.917692242460177,2.5238561715963668,0.024238127079025923,0.27458892754557396,NIT,ERA5-LAND
2018,2.500388989907348,1.667986924465472,-1.2366840413568483,-1.338731391227586,NIT,ERA5-LAND
2016,3.481046083,4.187381906085648,0.5273072573415576,1.2070559799478568,NIT,FLDAS
2017,3.637646539,3.1794995375094004,0.8727707164865192,0.03464275203332519,NIT,FLDAS
2018,2.607351924909091,2.082273706725408,-1.4000779738280766,-1.2416987319811825,NIT,FLDAS
2016,3.3109306093625,2.475361341403186,1.2124459142778263,0.4100698101977069,NIT,GLDAS
2017,2.917692242460177,2.716492350159207,0.024238127079025923,0.9670922480177846,NIT,GLDAS
2018,2.500388989907348,1.701681514432581,-1.2366840413568483,-1.37716205821549,NIT,GLDAS
2016,3.3109306093625,2.9225843630571813,1.2124459142778263,0.6858435831826826,NIT,MERRA2
2017,2.917692242460177,2.9541556052762603,0.024238127079025923,0.728158940452399,NIT,MERRA2
2018,2.500388989907348,1.3559013822525183,-1.2366840413568483,-1.414002523635081,NIT,MERRA2
2016,3.31331046835,17.48309155383624,1.3523230630988736,1.1970334472010855,NIT,MOD16A2GF
2017,2.6394326867857143,13.470028553007278,-0.31780870295984737,0.053659015530724004,NIT,MOD16A2GF
2018,2.3502507024,8.891961637653129,-1.0345143601390263,-1.25069246273181,NIT,MOD16A2GF
2016,3.31331046835,2.453976543942993,1.3523230630988736,0.9362066624160019,NIT,PMLV2
2017,2.6394326867857143,2.299885688836104,-0.31780870295984737,0.44984972529103345,NIT,PMLV2
2018,2.3502507024,1.7182216448931116,-1.0345143601390263,-1.386056387707034,NIT,PMLV2
2014,3.14643929910411,2.935892312902294,0.7071067811865469,0.5961173011482671,SFT,ERA5-LAND
2015,3.14643929910411,3.054651401120506,0.7071067811865469,0.8125642028075988,SFT,ERA5-LAND
2016,2.1758425206813183,1.8359085463069298,-1.4142135623730958,-1.408681503955865,SFT,ERA5-LAND
2014,3.1464553686666665,2.956844979780726,0.707106781186548,0.7156175363612567,SFT,FLDAS
2015,3.1464553686666665,2.946193650132045,0.707106781186548,0.6985617426909997,SFT,FLDAS
2016,2.5293361616666665,1.6267885541310534,-1.4142135623730945,-1.4141792790522563,SFT,FLDAS
2014,3.14643929910411,3.1741677604261658,0.7071067811865469,0.5700459078923393,SFT,GLDAS
2015,3.14643929910411,3.3718399965118184,0.7071067811865469,0.8358185813171338,SFT,GLDAS
2016,2.1758425206813183,1.7045560751204982,-1.4142135623730958,-1.405864489209473,SFT,GLDAS
2014,3.14643929910411,2.5478524914319105,0.7071067811865469,0.623492307535151,SFT,MERRA2
2015,3.14643929910411,2.649769281320451,0.7071067811865469,0.7875458942494065,SFT,MERRA2
2016,2.1758425206813183,1.283919025586242,-1.4142135623730958,-1.4110382017845566,SFT,MERRA2
2014,3.2098420167173916,2.2949705395309437,0.7071067811865479,0.00011273500888296467,SFT,PMLV2
2015,3.2098420167173916,2.4937871144144497,0.7071067811865479,1.2246884999957723,SFT,PMLV2
2016,2.240148829166667,2.0960990552111016,-1.4142135623730947,-1.2248012350046527,SFT,PMLV2
2016,1.5036402244000002,1.9226551987230778,-1.405276467338603,-1.3894758670827614,SIT,ERA5-LAND
2017,2.63946940640991,2.7468164057076514,0.840110186293289,0.9228116301746336,SIT,ERA5-LAND
2018,2.500388989907348,2.584233255194018,0.5651662810453149,0.4666642369081266,SIT,ERA5-LAND
2017,2.2538132925714285,3.206722591338413,-1.0,1.000000000000001,SIT,FLDAS
2018,2.607351924909091,2.7715257845226335,1.0,-0.999999999999999,SIT,FLDAS
2016,1.5036402244000002,1.7735179103328846,-1.405276467338603,-1.3133832993654084,SIT,GLDAS
2017,2.63946940640991,2.8600269666246794,0.840110186293289,1.1108592748069808,SIT,GLDAS
2018,2.500388989907348,2.4529247706404145,0.5651662810453149,0.20252402455842755,SIT,GLDAS
2016,1.5036402244000002,1.3083885918581473,-1.405276467338603,-1.0849257684902258,SIT,MERRA2
2017,2.63946940640991,2.714918995994481,0.840110186293289,1.3280849674692414,SIT,MERRA2
2018,2.500388989907348,1.7990495970327824,0.5651662810453149,-0.2431591989790152,SIT,MERRA2
2016,1.722332655,6.484916020671837,-1.3243141840273625,-0.9076996257867213,SIT,MOD16A2GF
2017,2.69688881075,14.899478589885566,1.0918592638582687,1.393030861472379,SIT,MOD16A2GF
2018,2.3502507024,8.029662467700259,0.23245492016909527,-0.48533123568565845,SIT,MOD16A2GF
2016,1.722332655,1.6710416666666668,-1.3243141840273625,-1.2547945224560246,SIT,PMLV2
2017,2.69688881075,2.167792038690476,1.0918592638582687,0.06249193304392882,SIT,PMLV2
2018,2.3502507024,2.5938450520833336,0.23245492016909527,1.1923025894120964,SIT,PMLV2
2017,82.8223924595,66.66666666666667,1.0000000000000024,-0.9999999999999956,SIT,SSEBOP_V61
2018,76.8569085,69.9,-0.9999999999999977,1.0000000000000044,SIT,SSEBOP_V61
2016,3.078963297021858,1.8450048411153053,-1.0000000000000022,-1.0,UIT,ERA5-LAND
2017,3.2697586257205478,1.9436609918532306,0.9999999999999977,1.0,UIT,ERA5-LAND
2016,3.1236494446666665,1.9407951277571556,-1.0000000000000195,-1.0,UIT,FLDAS
2017,3.1463843459166667,2.172467912623688,0.9999999999999805,1.0,UIT,FLDAS
2016,3.078963297021858,1.2060071300316983,-1.0000000000000022,1.0,UIT,GLDAS
2017,3.2697586257205478,0.8494631178973577,0.9999999999999977,-1.0,UIT,GLDAS
2016,3.078963297021858,1.8805495963146828,-1.0000000000000022,-1.0,UIT,MERRA2
2017,3.2697586257205478,1.9054172836903742,0.9999999999999977,1.0,UIT,MERRA2
2016,3.164924078391304,4.81657226531072,-0.9999999999999897,-1.0000000000000004,UIT,MOD16A2GF
2017,3.207760795521739,7.372097962861649,1.0000000000000104,0.9999999999999997,UIT,MOD16A2GF
2016,3.164924078391304,1.6151691795231415,-0.9999999999999897,1.0,UIT,PMLV2
2017,3.207760795521739,1.5502820076137045,1.0000000000000104,-1.0,UIT,PMLV2
2016,93.90838055916667,43.0,-1.0,-1.0,UIT,SSEBOP_V61
2017,99.455158199,44.5,1.0,1.0,UIT,SSEBOP_V61
